DELETE FROM ITSO.ACCOUNT;
DELETE FROM ITSO.ACCOUNTS_CUSTOMERS;
DELETE FROM ITSO.CUSTOMER;

INSERT INTO ITSO.CUSTOMER (TITLE,FIRSTNAME,LASTNAME,SSN) VALUES ('MR','John','Ganci','111-11-1111');
INSERT INTO ITSO.CUSTOMER (TITLE,FIRSTNAME,LASTNAME,SSN) VALUES ('MR','Richard','Raszka','222-22-2222');
INSERT INTO ITSO.CUSTOMER (TITLE,FIRSTNAME,LASTNAME,SSN) VALUES ('MR','Fabio','Ferraz','333-33-3333');
INSERT INTO ITSO.CUSTOMER (TITLE,FIRSTNAME,LASTNAME,SSN) VALUES ('MR','Neil','Weightman','444-44-4444');
INSERT INTO ITSO.CUSTOMER (TITLE,FIRSTNAME,LASTNAME,SSN) VALUES ('MR','Kiriya','Keat','555-55-5555');
INSERT INTO ITSO.CUSTOMER (TITLE,FIRSTNAME,LASTNAME,SSN) VALUES ('MR','Hari','Kanangi','666-66-6666');
INSERT INTO ITSO.CUSTOMER (TITLE,FIRSTNAME,LASTNAME,SSN) VALUES ('MR','Juha','Nevalainen','777-77-7777');
INSERT INTO ITSO.CUSTOMER (TITLE,FIRSTNAME,LASTNAME,SSN) VALUES ('MR','Prem','Lall','888-88-8888');

INSERT INTO ITSO.ACCOUNTS_CUSTOMERS (ACCOUNTS_ID,CUSTOMERS_SSN) VALUES ('001-999000777','111-11-1111');
INSERT INTO ITSO.ACCOUNTS_CUSTOMERS (ACCOUNTS_ID,CUSTOMERS_SSN) VALUES ('001-999000888','111-11-1111');
INSERT INTO ITSO.ACCOUNTS_CUSTOMERS (ACCOUNTS_ID,CUSTOMERS_SSN) VALUES ('001-999000999','111-11-1111');
INSERT INTO ITSO.ACCOUNTS_CUSTOMERS (ACCOUNTS_ID,CUSTOMERS_SSN) VALUES ('002-999000777','222-22-2222');
INSERT INTO ITSO.ACCOUNTS_CUSTOMERS (ACCOUNTS_ID,CUSTOMERS_SSN) VALUES ('002-999000888','222-22-2222');
INSERT INTO ITSO.ACCOUNTS_CUSTOMERS (ACCOUNTS_ID,CUSTOMERS_SSN) VALUES ('002-999000999','222-22-2222');
INSERT INTO ITSO.ACCOUNTS_CUSTOMERS (ACCOUNTS_ID,CUSTOMERS_SSN) VALUES ('003-999000777','333-33-3333');
INSERT INTO ITSO.ACCOUNTS_CUSTOMERS (ACCOUNTS_ID,CUSTOMERS_SSN) VALUES ('003-999000888','333-33-3333');
INSERT INTO ITSO.ACCOUNTS_CUSTOMERS (ACCOUNTS_ID,CUSTOMERS_SSN) VALUES ('003-999000999','333-33-3333');
INSERT INTO ITSO.ACCOUNTS_CUSTOMERS (ACCOUNTS_ID,CUSTOMERS_SSN) VALUES ('004-999000777','444-44-4444');
INSERT INTO ITSO.ACCOUNTS_CUSTOMERS (ACCOUNTS_ID,CUSTOMERS_SSN) VALUES ('004-999000888','444-44-4444');
INSERT INTO ITSO.ACCOUNTS_CUSTOMERS (ACCOUNTS_ID,CUSTOMERS_SSN) VALUES ('004-999000999','444-44-4444');
INSERT INTO ITSO.ACCOUNTS_CUSTOMERS (ACCOUNTS_ID,CUSTOMERS_SSN) VALUES ('005-999000777','555-55-5555');
INSERT INTO ITSO.ACCOUNTS_CUSTOMERS (ACCOUNTS_ID,CUSTOMERS_SSN) VALUES ('005-999000888','555-55-5555');
INSERT INTO ITSO.ACCOUNTS_CUSTOMERS (ACCOUNTS_ID,CUSTOMERS_SSN) VALUES ('005-999000999','555-55-5555');
INSERT INTO ITSO.ACCOUNTS_CUSTOMERS (ACCOUNTS_ID,CUSTOMERS_SSN) VALUES ('006-999000777','666-66-6666');
INSERT INTO ITSO.ACCOUNTS_CUSTOMERS (ACCOUNTS_ID,CUSTOMERS_SSN) VALUES ('006-999000888','666-66-6666');
INSERT INTO ITSO.ACCOUNTS_CUSTOMERS (ACCOUNTS_ID,CUSTOMERS_SSN) VALUES ('006-999000999','666-66-6666');
INSERT INTO ITSO.ACCOUNTS_CUSTOMERS (ACCOUNTS_ID,CUSTOMERS_SSN) VALUES ('007-999000777','777-77-7777');
INSERT INTO ITSO.ACCOUNTS_CUSTOMERS (ACCOUNTS_ID,CUSTOMERS_SSN) VALUES ('007-999000888','777-77-7777');
INSERT INTO ITSO.ACCOUNTS_CUSTOMERS (ACCOUNTS_ID,CUSTOMERS_SSN) VALUES ('007-999000999','777-77-7777');
INSERT INTO ITSO.ACCOUNTS_CUSTOMERS (ACCOUNTS_ID,CUSTOMERS_SSN) VALUES ('008-999000777','888-88-8888');
INSERT INTO ITSO.ACCOUNTS_CUSTOMERS (ACCOUNTS_ID,CUSTOMERS_SSN) VALUES ('008-999000888','888-88-8888');
INSERT INTO ITSO.ACCOUNTS_CUSTOMERS (ACCOUNTS_ID,CUSTOMERS_SSN) VALUES ('008-999000999','888-88-8888');

INSERT INTO ITSO.ACCOUNT (BALANCE,ID) VALUES(123456789,'001-999000777');
INSERT INTO ITSO.ACCOUNT (BALANCE,ID) VALUES(654321,'001-999000888');
INSERT INTO ITSO.ACCOUNT (BALANCE,ID) VALUES(9876,'001-999000999');

INSERT INTO ITSO.ACCOUNT (BALANCE,ID) VALUES(6548423,'002-999000777');
INSERT INTO ITSO.ACCOUNT (BALANCE,ID) VALUES(8796,'002-999000888');
INSERT INTO ITSO.ACCOUNT (BALANCE,ID) VALUES(65465,'002-999000999');

INSERT INTO ITSO.ACCOUNT (BALANCE,ID) VALUES(987652,'003-999000777');
INSERT INTO ITSO.ACCOUNT (BALANCE,ID) VALUES(56879,'003-999000888');
INSERT INTO ITSO.ACCOUNT (BALANCE,ID) VALUES(2156,'003-999000999');

INSERT INTO ITSO.ACCOUNT (BALANCE,ID) VALUES(98765,'004-999000777');
INSERT INTO ITSO.ACCOUNT (BALANCE,ID) VALUES(145645646,'004-999000888');
INSERT INTO ITSO.ACCOUNT (BALANCE,ID) VALUES(2315646,'004-999000999');

INSERT INTO ITSO.ACCOUNT (BALANCE,ID) VALUES(6589,'005-999000777');
INSERT INTO ITSO.ACCOUNT (BALANCE,ID) VALUES(7221341,'005-999000888');
INSERT INTO ITSO.ACCOUNT (BALANCE,ID) VALUES(89755,'005-999000999');

INSERT INTO ITSO.ACCOUNT (BALANCE,ID) VALUES(50000,'006-999000777');
INSERT INTO ITSO.ACCOUNT (BALANCE,ID) VALUES(10000,'006-999000888');
INSERT INTO ITSO.ACCOUNT (BALANCE,ID) VALUES(1000000,'006-999000999');

INSERT INTO ITSO.ACCOUNT (BALANCE,ID) VALUES(250000000,'007-999000777');
INSERT INTO ITSO.ACCOUNT (BALANCE,ID) VALUES(100000000,'007-999000888');
INSERT INTO ITSO.ACCOUNT (BALANCE,ID) VALUES(123,'007-999000999');

INSERT INTO ITSO.ACCOUNT (BALANCE,ID) VALUES(972300,'008-999000777');
INSERT INTO ITSO.ACCOUNT (BALANCE,ID) VALUES(1678923,'008-999000888');
INSERT INTO ITSO.ACCOUNT (BALANCE,ID) VALUES(77777,'008-999000999');